Mouse ID,Timepoint,Tumor Volume (mm3),Metastatic Sites,Drug
b128,0,45.0,0,Capomulin
b128,5,45.6513313083,0,Capomulin
b128,10,43.2708519028,0,Capomulin
b128,15,43.784893429600004,0,Capomulin
b128,20,42.7315519999,0,Capomulin
b128,25,43.262144827700006,1,Capomulin
b128,30,40.6053348648,1,Capomulin
b128,35,37.967644366900004,1,Capomulin
b128,40,38.3797259008,2,Capomulin
b128,45,38.9828777369,2,Capomulin
f932,0,45.0,0,Ketapril
g107,0,45.0,0,Ketapril
g107,5,48.791664955200005,0,Ketapril
g107,10,53.435986676400006,0,Ketapril
g107,15,58.1355448458,0,Ketapril
g107,20,62.7060314471,0,Ketapril
g107,25,64.6636257923,0,Ketapril
g107,30,69.1605198228,0,Ketapril
g107,35,71.9051172092,0,Ketapril
a457,0,45.0,0,Ketapril
a457,5,47.46289099770001,0,Ketapril
a457,10,49.7834189373,0,Ketapril
c819,0,45.0,0,Ketapril
c819,5,45.769248642200004,1,Ketapril
c819,10,46.6583952671,1,Ketapril
c819,15,48.3709991154,1,Ketapril
c819,20,49.7624147548,1,Ketapril
c819,25,51.8283570592,1,Ketapril
c819,30,56.0989981962,1,Ketapril
c819,35,57.7295346636,1,Ketapril
c819,40,62.175704646099994,1,Ketapril
h246,0,45.0,0,Ketapril
h246,5,49.470417015100004,0,Ketapril
h246,10,51.3688621605,1,Ketapril
h246,15,56.1843270149,1,Ketapril
h246,20,57.9359121766,1,Ketapril
h246,25,59.5488536968,1,Ketapril
h246,30,63.5996095357,1,Ketapril
h246,35,67.211270096,2,Ketapril
h246,40,71.1508346844,2,Ketapril
h246,45,74.1040856682,2,Ketapril
p189,0,45.0,0,Ketapril
p189,5,49.048707041499995,1,Ketapril
p189,10,51.582161675600005,2,Ketapril
p189,15,53.6755415046,2,Ketapril
p189,20,56.5302044709,3,Ketapril
p189,25,62.108959561300004,3,Ketapril
p189,30,67.1045366507,4,Ketapril
p189,35,67.87377675180001,4,Ketapril
p189,40,74.10609077310001,4,Ketapril
p189,45,75.2949359046,4,Ketapril
n923,0,45.0,0,Ketapril
n923,5,45.8248809938,0,Ketapril
n923,10,48.791949861499994,1,Ketapril
n923,15,51.7387062263,1,Ketapril
n923,20,52.599206108000004,1,Ketapril
n923,25,56.85546497520001,2,Ketapril
n923,30,59.632560523100004,3,Ketapril
n923,35,60.3562943168,3,Ketapril
n923,40,66.22960553909999,3,Ketapril
q119,0,45.0,0,Ketapril
q119,5,47.864440003199995,0,Ketapril
q119,10,51.236605572399995,0,Ketapril
f993,0,45.0,0,Naftisol
f993,5,46.3957596587,0,Naftisol
f993,10,48.1853732268,0,Naftisol
f993,15,49.1069747343,1,Naftisol
f993,20,52.0795100926,1,Naftisol
z234,0,45.0,0,Naftisol
z234,5,46.129357058500005,1,Naftisol
b559,0,45.0,0,Naftisol
b559,5,47.409897307,0,Naftisol
b559,10,48.0364320179,0,Naftisol
b559,15,51.3788622899,0,Naftisol
b559,20,55.654455716899996,1,Naftisol
b559,25,57.043669290699995,1,Naftisol
b559,30,61.19038662609999,1,Naftisol
b559,35,65.7057627543,1,Naftisol
b559,40,69.9696164479,1,Naftisol
b559,45,73.0513633905,1,Naftisol
y260,0,45.0,0,Ketapril
y260,5,46.79983867,0,Ketapril
y260,10,48.0818067794,1,Ketapril
y260,15,50.1961522424,2,Ketapril
y260,20,50.7295817393,3,Ketapril
y260,25,54.437561723,4,Ketapril
y260,30,58.5826763418,4,Ketapril
y260,35,59.603558210900005,4,Ketapril
y260,40,60.9141762702,4,Ketapril
y260,45,62.909440620299996,4,Ketapril
x930,0,45.0,0,Naftisol
x930,5,46.078233754799996,0,Naftisol
x930,10,50.2606944112,0,Naftisol
x930,15,51.9737686396,0,Naftisol
x930,20,52.5560657478,0,Naftisol
x930,25,53.726101300699995,0,Naftisol
o725,0,45.0,0,Naftisol
o725,5,46.88982097939999,0,Naftisol
o725,10,48.199451995100006,0,Naftisol
o725,15,50.0150790177,1,Naftisol
z969,0,45.0,0,Naftisol
z969,5,49.3329987284,0,Naftisol
z969,10,52.6560814792,1,Naftisol
z969,15,54.713004523900004,2,Naftisol
z969,20,57.8987782255,2,Naftisol
z969,25,63.1456521274,2,Naftisol
z969,30,65.8410127448,3,Naftisol
z969,35,69.17624606689999,4,Naftisol
z969,40,70.3149041142,4,Naftisol
z969,45,73.8678447583,4,Naftisol
v835,0,45.0,0,Naftisol
v835,5,47.1560107135,0,Naftisol
v835,10,48.9659179711,0,Naftisol
v835,15,50.5452064621,1,Naftisol
v835,20,51.296542658999996,2,Naftisol
r604,0,45.0,0,Naftisol
r604,5,47.067744482399995,1,Naftisol
r604,10,48.7865595745,1,Naftisol
r604,15,51.0745207273,1,Naftisol
r604,20,51.9027529201,1,Naftisol
r604,25,52.9368581162,1,Naftisol
r604,30,54.688215356,2,Naftisol
r604,35,59.217000146000004,2,Naftisol
r604,40,60.1861153114,2,Naftisol
r604,45,62.670759039,3,Naftisol
n304,0,45.0,0,Naftisol
n304,5,46.431216293199995,0,Naftisol
n304,10,47.201250968400004,0,Naftisol
n304,15,48.477978952,0,Naftisol
n304,20,49.2533086334,1,Naftisol
n304,25,53.970859244799996,2,Naftisol
n304,30,55.0390198529,3,Naftisol
n304,35,57.12241925560001,4,Naftisol
n304,40,59.8305066732,4,Naftisol
n304,45,63.5863951382,4,Naftisol
l700,0,45.0,0,Naftisol
l700,5,45.918371650699996,0,Naftisol
l700,10,47.013566517700006,1,Naftisol
l700,15,49.040225293999995,1,Naftisol
l700,20,50.7347681083,1,Naftisol
l700,25,54.234501806400004,1,Naftisol
l700,30,56.6532149954,1,Naftisol
l700,35,61.4626035412,1,Naftisol
l700,40,62.9866779843,1,Naftisol
l700,45,63.9466404372,1,Naftisol
x336,0,45.0,0,Naftisol
l725,0,45.0,0,Naftisol
l725,5,48.7363188117,1,Naftisol
l725,10,50.8239115379,2,Naftisol
l725,15,54.24456268310001,2,Naftisol
l725,20,59.615154796800006,2,Naftisol
l725,25,65.008828889,2,Naftisol
l725,30,66.5995451484,3,Naftisol
l725,35,69.125701726,3,Naftisol
l725,40,73.69349381880001,3,Naftisol
l725,45,76.66881741729999,3,Naftisol
m133,0,45.0,0,Naftisol
m133,5,46.621301269700005,0,Naftisol
m133,10,47.5033380291,0,Naftisol
m133,15,48.6652074029,1,Naftisol
m133,20,52.636882487,1,Naftisol
m133,25,54.0824366171,2,Naftisol
v295,0,45.0,0,Naftisol
v295,5,46.111817974,1,Naftisol
v295,10,47.539462157299994,2,Naftisol
v295,15,50.6660539088,2,Naftisol
v295,20,55.731375354899996,3,Naftisol
v295,25,57.6918591767,3,Naftisol
v295,30,59.3337720245,3,Naftisol
v295,35,61.8931526689,3,Naftisol
v295,40,65.4660744433,3,Naftisol
a818,0,45.0,0,Naftisol
a818,5,45.696708639499995,0,Naftisol
a818,10,49.7909194758,0,Naftisol
a818,15,51.227565649700004,0,Naftisol
a818,20,54.8346244991,0,Naftisol
a818,25,56.9662733232,0,Naftisol
a818,30,60.0723719791,0,Naftisol
a818,35,63.298545858400004,0,Naftisol
a818,40,69.2738137369,1,Naftisol
a818,45,74.9977644288,2,Naftisol
y601,0,45.0,0,Naftisol
y601,5,48.4750027309,1,Naftisol
t724,0,45.0,0,Naftisol
t724,5,46.359258294300005,0,Naftisol
t724,10,50.703899650699995,0,Naftisol
t724,15,55.584617236499994,0,Naftisol
t724,20,57.229409142799994,0,Naftisol
t724,25,59.826067973,1,Naftisol
t724,30,64.2345946982,2,Naftisol
t724,35,67.7443279491,2,Naftisol
t724,40,69.7283255901,2,Naftisol
t724,45,75.1132880077,2,Naftisol
k382,0,45.0,0,Ketapril
k382,5,46.274997348,1,Ketapril
k382,10,50.180967626400005,1,Ketapril
k382,15,54.42916821359999,1,Ketapril
k382,20,57.8243507069,2,Ketapril
k382,25,59.503903917799995,3,Ketapril
k382,30,63.469441546400006,4,Ketapril
k382,35,66.079184831,4,Ketapril
k382,40,67.4209552138,4,Ketapril
k382,45,73.7156189986,4,Ketapril
w422,0,45.0,0,Ketapril
w422,5,48.45745927270001,0,Ketapril
w422,10,49.9359702353,0,Ketapril
w422,15,52.2463098495,0,Ketapril
w422,20,53.676243359,1,Ketapril
w422,25,56.9579171512,2,Ketapril
w422,30,60.0966346716,3,Ketapril
w422,35,61.4096199392,4,Ketapril
w422,40,63.0725846692,4,Ketapril
w422,45,67.9895300127,4,Ketapril
c326,0,45.0,0,Infubinol
c326,5,49.3402031759,0,Infubinol
c139,0,45.0,0,Infubinol
c139,5,48.7531120759,0,Infubinol
c139,10,49.99295390939999,0,Infubinol
c139,15,51.8332246013,0,Infubinol
c139,20,56.7420068107,0,Infubinol
c139,25,61.4619697626,0,Infubinol
c139,30,64.1498707741,1,Infubinol
c139,35,67.8214196868,1,Infubinol
c139,40,69.4281409486,2,Infubinol
c139,45,72.2267308995,2,Infubinol
v339,0,45.0,0,Infubinol
v339,5,46.2501121227,0,Infubinol
a577,0,45.0,0,Infubinol
a577,5,46.1977199027,1,Infubinol
a577,10,49.509638899399995,1,Infubinol
a577,15,50.915006624499995,2,Infubinol
a577,20,52.3651845662,2,Infubinol
a577,25,54.38093153810001,2,Infubinol
a577,30,57.0318618675,2,Infubinol
y163,0,45.0,0,Infubinol
y163,5,48.284970156199996,0,Infubinol
y163,10,49.112399097700006,1,Infubinol
y163,15,51.523068431700004,1,Infubinol
y163,20,54.57107607060001,1,Infubinol
y163,25,56.1763845158,1,Infubinol
y163,30,59.41253724,2,Infubinol
y163,35,61.7301956164,2,Infubinol
y163,40,63.6206795825,2,Infubinol
y163,45,67.68556862300001,3,Infubinol
k483,0,45.0,0,Infubinol
k483,5,46.6110557083,0,Infubinol
k483,10,50.2960412296,1,Infubinol
k483,15,53.2444581257,1,Infubinol
k483,20,54.7789605219,1,Infubinol
k483,25,57.4320073076,2,Infubinol
k483,30,59.747077081899995,2,Infubinol
k483,35,60.5415615864,2,Infubinol
k483,40,64.13872489020001,3,Infubinol
k483,45,66.1969115113,3,Infubinol
k804,0,45.0,0,Infubinol
k804,5,48.2662036417,0,Infubinol
k804,10,49.471244186199996,0,Infubinol
k804,15,50.477618236800005,0,Infubinol
k804,20,54.484519445100005,0,Infubinol
k804,25,55.6748079834,1,Infubinol
k804,30,59.24061511359999,2,Infubinol
k804,35,62.117278866099994,2,Infubinol
o809,0,45.0,0,Infubinol
o809,5,46.8772431606,0,Infubinol
o809,10,48.6707318029,0,Infubinol
o809,15,49.68344504,1,Infubinol
o809,20,50.3365528785,1,Infubinol
o809,25,52.3181740669,1,Infubinol
o809,30,54.832628797299996,1,Infubinol
o809,35,55.629428464600004,1,Infubinol
z581,0,45.0,0,Infubinol
z581,5,49.273091866,1,Infubinol
z581,10,50.478750159099995,2,Infubinol
z581,15,51.196304201400004,2,Infubinol
z581,20,51.807944156000005,2,Infubinol
z581,25,54.3164068167,2,Infubinol
z581,30,56.2867499051,2,Infubinol
z581,35,58.6283987816,3,Infubinol
z581,40,60.053739633999996,3,Infubinol
z581,45,62.754451407299996,3,Infubinol
a251,0,45.0,0,Infubinol
a251,5,46.9821271904,0,Infubinol
a251,10,48.5911790054,1,Infubinol
a251,15,50.5344560313,1,Infubinol
a251,20,54.4625937637,1,Infubinol
a251,25,57.4146456985,1,Infubinol
a251,30,59.8612412853,1,Infubinol
a251,35,60.9038845483,1,Infubinol
a251,40,63.0950756519,1,Infubinol
a251,45,65.5257428523,1,Infubinol
i386,0,45.0,0,Infubinol
i386,5,46.853696687399996,1,Infubinol
i386,10,49.8615473917,2,Infubinol
i386,15,51.7365608832,2,Infubinol
i386,20,55.0877244473,2,Infubinol
i386,25,56.68786391770001,3,Infubinol
i386,30,59.1336402878,3,Infubinol
i386,35,64.9254203733,3,Infubinol
i386,40,67.2896214667,4,Infubinol
c580,0,45.0,0,Ketapril
c580,5,46.628454796999996,0,Ketapril
c580,10,47.5701738225,1,Ketapril
c580,15,51.991708001800006,1,Ketapril
c580,20,55.575321945,2,Ketapril
c580,25,56.2890623117,2,Ketapril
c580,30,58.0465694091,3,Ketapril
q132,0,45.0,0,Infubinol
q132,5,46.7163985039,1,Infubinol
q132,10,47.9538437692,2,Infubinol
q132,15,49.159748620500004,3,Infubinol
q132,20,51.909024942799995,4,Infubinol
q132,25,52.780489297200006,4,Infubinol
q132,30,54.65654872100001,4,Infubinol
u327,0,45.0,0,Ketapril
u327,5,45.694188046099995,0,Ketapril
u327,10,49.2352594778,0,Ketapril
u327,15,50.6599643742,0,Ketapril
u327,20,53.189879068100005,0,Ketapril
u327,25,56.0596340925,0,Ketapril
u327,30,57.3140723863,0,Ketapril
u327,35,58.089028365,1,Ketapril
u327,40,60.466545411800006,1,Ketapril
u327,45,66.2688013293,2,Ketapril
v603,0,45.0,0,Ketapril
v603,5,46.0160059345,0,Ketapril
v603,10,47.830556800699995,0,Ketapril
v603,15,52.1029474359,0,Ketapril
v603,20,53.7212419313,0,Ketapril
v603,25,56.0752300146,1,Ketapril
v603,30,57.99055377609999,1,Ketapril
v603,35,63.189431838599994,1,Ketapril
f278,0,45.0,0,Ketapril
f278,5,48.1945778805,0,Ketapril
g497,0,45.0,0,Ketapril
g497,5,48.782068780799996,0,Ketapril
g497,10,49.6470864981,0,Ketapril
g497,15,53.646168043500005,1,Ketapril
g497,20,55.0969935585,1,Ketapril
g497,25,57.524446106199996,2,Ketapril
g497,30,61.1081859982,2,Ketapril
g497,35,64.0948892973,2,Ketapril
g497,40,67.7428140557,2,Ketapril
g497,45,69.87225079470001,2,Ketapril
d474,0,45.0,0,Ketapril
d474,5,45.9183522533,0,Ketapril
d474,10,46.974962972700006,0,Ketapril
d474,15,47.7779358439,0,Ketapril
d474,20,51.731494160299995,0,Ketapril
d474,25,54.2793246201,0,Ketapril
d474,30,55.3413415734,0,Ketapril
d474,35,56.47911256890001,0,Ketapril
d474,40,60.233732778100006,1,Ketapril
o973,0,45.0,0,Ketapril
o973,5,46.7178772684,0,Ketapril
o973,10,48.2457904318,0,Ketapril
o973,15,49.871935818500006,0,Ketapril
o973,20,51.9569930962,1,Ketapril
o973,25,53.179814707700004,1,Ketapril
o973,30,57.7699595186,1,Ketapril
o973,35,60.2422193118,1,Ketapril
o973,40,64.4878124585,2,Ketapril
c832,0,45.0,0,Ketapril
c832,5,48.6854612346,1,Ketapril
c832,10,49.8114126213,1,Ketapril
c832,15,52.8645344875,1,Ketapril
c832,20,56.7102335288,1,Ketapril
c832,25,58.8918164429,2,Ketapril
c832,30,60.4963757866,2,Ketapril
c832,35,61.124487169700004,2,Ketapril
c832,40,62.5723181635,2,Ketapril
c832,45,65.415954505,3,Ketapril
o331,0,45.0,0,Ketapril
o331,5,47.0596640836,1,Ketapril
o331,10,50.12845481430001,1,Ketapril
o331,15,54.789767686800005,1,Ketapril
o331,20,58.9657204314,1,Ketapril
o331,25,61.102305748199996,1,Ketapril
o331,30,66.3306634729,1,Ketapril
o331,35,70.126237536,2,Ketapril
o331,40,71.4477425103,3,Ketapril
o331,45,78.56701362140001,4,Ketapril
m650,0,45.0,0,Ketapril
m650,5,48.5624949203,1,Ketapril
m650,10,50.9689976283,1,Ketapril
m650,15,53.149559331099994,1,Ketapril
m650,20,56.7779387968,2,Ketapril
m650,25,62.2535969021,2,Ketapril
m650,30,64.90188754729999,3,Ketapril
m650,35,69.2657468118,4,Ketapril
m650,40,70.7970678729,4,Ketapril
m650,45,73.9013991214,4,Ketapril
v289,0,45.0,0,Ketapril
v289,5,46.204460026999996,0,Ketapril
v289,10,48.1334820691,0,Ketapril
v289,15,52.6021656439,0,Ketapril
v289,20,54.2500539748,0,Ketapril
v289,25,56.7200954451,0,Ketapril
m550,0,45.0,0,Ketapril
m550,5,49.0540973629,1,Ketapril
m550,10,50.5480345687,2,Ketapril
m550,15,51.166065441499995,3,Ketapril
m550,20,53.7579447558,3,Ketapril
m550,25,57.620682368999994,4,Ketapril
m550,30,60.8565427184,4,Ketapril
m550,35,62.5391538587,4,Ketapril
m550,40,68.2107201909,4,Ketapril
m550,45,69.2535031225,4,Ketapril
h428,0,45.0,0,Ketapril
r701,0,45.0,0,Naftisol
r701,5,46.886971367,0,Naftisol
r701,10,49.6545963593,0,Naftisol
r701,15,52.4848044296,0,Naftisol
r701,20,54.114137417799995,0,Naftisol
r701,25,57.89848998,1,Naftisol
r701,30,60.3418187213,1,Naftisol
r701,35,64.730010445,1,Naftisol
r701,40,66.6407217789,1,Naftisol
r701,45,69.7785440734,1,Naftisol
v199,0,45.0,0,Naftisol
x264,0,45.0,0,Naftisol
x264,5,47.0384145045,0,Naftisol
x264,10,47.8871276545,1,Naftisol
x264,15,50.0023140274,1,Naftisol
x264,20,53.074269727,1,Naftisol
x264,25,56.8910528277,2,Naftisol
x264,30,58.1586942342,3,Naftisol
x264,35,61.2996077776,4,Naftisol
x264,40,63.2832882078,4,Naftisol
f234,0,45.0,0,Stelasyn
f234,5,47.3134906249,0,Stelasyn
f234,10,47.90432375140001,0,Stelasyn
f234,15,48.7351971444,1,Stelasyn
f234,20,51.11271292560001,2,Stelasyn
f234,25,52.178602209,2,Stelasyn
f234,30,56.873816543100006,2,Stelasyn
f234,35,57.748758312,2,Stelasyn
c458,0,45.0,0,Ramicane
c458,5,45.7222794933,0,Ramicane
c458,10,44.45437828479999,1,Ramicane
c458,15,45.107423133000005,2,Ramicane
c458,20,39.505135082399995,2,Ramicane
c458,25,37.7531496418,2,Ramicane
c458,30,38.342008229899996,2,Ramicane
q610,0,45.0,0,Ramicane
q610,5,45.6294942066,0,Ramicane
q610,10,44.9914847141,0,Ramicane
q610,15,45.8890275598,0,Ramicane
q610,20,46.5854334737,0,Ramicane
q610,25,40.146450191599996,0,Ramicane
q610,30,40.6683425615,1,Ramicane
q610,35,36.561652291,2,Ramicane
j913,0,45.0,0,Ramicane
j913,5,44.01490022,0,Ramicane
j913,10,44.497162163999995,0,Ramicane
j913,15,45.2525342738,0,Ramicane
j913,20,42.168341324699995,0,Ramicane
j913,25,37.8606693634,0,Ramicane
j913,30,34.7572404559,0,Ramicane
j913,35,35.1701484317,0,Ramicane
j913,40,31.001860776100003,1,Ramicane
j913,45,31.5604695499,1,Ramicane
a411,0,45.0,0,Ramicane
a411,5,45.466677143000005,0,Ramicane
a411,10,40.759787622800005,1,Ramicane
a411,15,41.4841688531,1,Ramicane
a411,20,38.0873731814,1,Ramicane
a411,25,38.7014384033,1,Ramicane
a411,30,39.1307372379,1,Ramicane
a411,35,39.7172358898,1,Ramicane
a411,40,40.2588176479,1,Ramicane
a411,45,38.407618303,1,Ramicane
a444,0,45.0,0,Ramicane
a444,5,44.0059748662,0,Ramicane
a444,10,44.512559514799996,0,Ramicane
a444,15,43.001279573000005,0,Ramicane
a444,20,41.714618737100004,0,Ramicane
a444,25,42.2913943669,0,Ramicane
a444,30,42.786278345700005,0,Ramicane
a444,35,41.735950834200004,0,Ramicane
a444,40,42.5049255428,0,Ramicane
a444,45,43.0475426023,0,Ramicane
d251,0,45.0,0,Ramicane
d251,5,41.746354951,1,Ramicane
d251,10,42.432257913200004,1,Ramicane
d251,15,39.4727874418,1,Ramicane
d251,20,37.6520908462,1,Ramicane
d251,25,38.0975132842,1,Ramicane
d251,30,38.718256383800004,2,Ramicane
d251,35,37.7085294203,2,Ramicane
d251,40,38.2654037868,2,Ramicane
d251,45,37.311235519499995,2,Ramicane
j989,0,45.0,0,Ramicane
j989,5,45.6207183526,1,Ramicane
j989,10,46.3438323743,1,Ramicane
j989,15,41.1283543948,1,Ramicane
j989,20,41.6353442608,1,Ramicane
j989,25,39.9341124852,1,Ramicane
j989,30,34.6717810711,1,Ramicane
j989,35,35.1155898014,1,Ramicane
j989,40,35.501190136700004,1,Ramicane
j989,45,36.134852433,1,Ramicane
y449,0,45.0,0,Ramicane
y449,5,45.8775449377,0,Ramicane
y449,10,46.3780924822,0,Ramicane
y449,15,44.1834509224,0,Ramicane
k403,0,45.0,0,Ramicane
k403,5,38.8258980681,0,Ramicane
k403,10,35.014271464000004,1,Ramicane
k403,15,34.2239917444,1,Ramicane
k403,20,32.9977285776,1,Ramicane
k403,25,33.4645773532,1,Ramicane
k403,30,31.0994975278,1,Ramicane
k403,35,26.546993430700002,1,Ramicane
k403,40,24.3655047062,1,Ramicane
k403,45,22.0501262735,1,Ramicane
c758,0,45.0,0,Ramicane
c758,5,45.5786783011,0,Ramicane
c758,10,46.2879922276,0,Ramicane
c758,15,46.94094512149999,1,Ramicane
c758,20,43.1263113953,1,Ramicane
c758,25,43.602267302600005,1,Ramicane
c758,30,44.1182702761,1,Ramicane
c758,35,37.802385459899995,1,Ramicane
c758,40,32.8331885798,1,Ramicane
c758,45,33.3976525121,1,Ramicane
x402,0,45.0,0,Stelasyn
x402,5,46.327570271099994,1,Stelasyn
x402,10,46.886962488100004,1,Stelasyn
x402,15,49.1199478021,1,Stelasyn
x402,20,50.4147504143,2,Stelasyn
x402,25,52.4317366358,2,Stelasyn
x402,30,54.3515846335,3,Stelasyn
x402,35,55.2409622264,3,Stelasyn
x402,40,56.6917229436,3,Stelasyn
x402,45,61.6196061525,3,Stelasyn
r811,0,45.0,0,Ramicane
r811,5,45.62580225399999,0,Ramicane
r811,10,39.453902997,0,Ramicane
r811,15,40.0222923465,0,Ramicane
r811,20,40.772802703400004,0,Ramicane
r811,25,37.6140106808,0,Ramicane
r811,30,38.242066388699996,0,Ramicane
r811,35,36.003020161,1,Ramicane
r811,40,36.5200328965,1,Ramicane
r811,45,37.2256503301,1,Ramicane
a644,0,45.0,0,Ramicane
a644,5,45.5501575368,0,Ramicane
a644,10,46.380712583299996,0,Ramicane
a644,15,46.9108916644,0,Ramicane
a644,20,45.8650646108,0,Ramicane
a644,25,41.481224077600004,0,Ramicane
a644,30,37.2111206315,0,Ramicane
a644,35,35.128630831399995,0,Ramicane
a644,40,35.7794508609,0,Ramicane
a644,45,32.9785219169,1,Ramicane
i177,0,45.0,0,Ramicane
i177,5,44.0653978295,0,Ramicane
i177,10,41.0209292412,0,Ramicane
i177,15,40.3309347927,0,Ramicane
i177,20,35.345361359099996,0,Ramicane
i177,25,34.082180303099996,1,Ramicane
i177,30,34.711473016,1,Ramicane
i177,35,35.152166204299995,1,Ramicane
i177,40,35.5579327877,2,Ramicane
i177,45,33.5624021721,3,Ramicane
g791,0,45.0,0,Ramicane
g791,5,45.8515306212,0,Ramicane
g791,10,40.1705584752,0,Ramicane
g791,15,40.6781285242,0,Ramicane
g791,20,41.2118970031,0,Ramicane
g791,25,35.5693993504,1,Ramicane
g791,30,34.952582842300004,1,Ramicane
g791,35,30.9603919427,1,Ramicane
g791,40,31.3694057336,1,Ramicane
g791,45,29.1284718087,1,Ramicane
a520,0,45.0,0,Ramicane
a520,5,38.7237069501,0,Ramicane
a520,10,36.4293878059,0,Ramicane
a520,15,35.5902540041,0,Ramicane
a520,20,35.9477451367,0,Ramicane
a520,25,36.5585812854,1,Ramicane
a520,30,36.9477098106,1,Ramicane
a520,35,37.6247102563,1,Ramicane
a520,40,38.259724974099996,1,Ramicane
a520,45,38.8103663256,1,Ramicane
u196,0,45.0,0,Ramicane
u196,5,45.5574644428,1,Ramicane
u196,10,46.4229430611,1,Ramicane
u196,15,47.2271706546,1,Ramicane
u196,20,46.1053630289,1,Ramicane
u196,25,46.7053253976,1,Ramicane
u196,30,47.622816356,2,Ramicane
u196,35,47.0014654238,2,Ramicane
u196,40,43.4536867949,2,Ramicane
u196,45,40.6677129221,3,Ramicane
m546,0,45.0,0,Ramicane
m546,5,42.9988763811,0,Ramicane
m546,10,43.748223567,0,Ramicane
m546,15,39.8974353259,0,Ramicane
m546,20,36.7122953532,0,Ramicane
m546,25,37.4444454297,0,Ramicane
m546,30,37.9699336498,0,Ramicane
m546,35,38.6275358055,1,Ramicane
m546,40,35.1145752025,1,Ramicane
m546,45,30.564625086,1,Ramicane
w678,0,45.0,0,Ramicane
w678,5,43.1663726574,0,Ramicane
n364,0,45.0,0,Ramicane
n364,5,45.5218747106,0,Ramicane
n364,10,40.3751381982,0,Ramicane
n364,15,36.940273989699996,0,Ramicane
n364,20,37.4788684978,0,Ramicane
n364,25,33.2050082421,0,Ramicane
n364,30,33.8177579986,0,Ramicane
n364,35,34.4875220422,1,Ramicane
n364,40,34.9547331119,1,Ramicane
n364,45,31.0953350465,1,Ramicane
s508,0,45.0,0,Ramicane
s508,5,38.7118718494,0,Ramicane
s508,10,34.850997904699994,0,Ramicane
s508,15,35.276906340500005,0,Ramicane
s508,20,35.9286508321,0,Ramicane
s508,25,36.3385689369,0,Ramicane
s508,30,35.4740223478,0,Ramicane
s508,35,35.846140698,0,Ramicane
s508,40,32.798171188299996,0,Ramicane
s508,45,30.2762317489,0,Ramicane
e662,0,45.0,0,Ramicane
e662,5,45.8162825207,0,Ramicane
e662,10,46.4090838477,0,Ramicane
e662,15,43.5537733856,0,Ramicane
e662,20,44.0012957974,0,Ramicane
e662,25,44.6645943219,1,Ramicane
e662,30,45.350232415600004,1,Ramicane
e662,35,43.220276364700005,1,Ramicane
e662,40,44.0067238476,2,Ramicane
e662,45,40.6590062721,2,Ramicane
z578,0,45.0,0,Ramicane
z578,5,42.1887866197,0,Ramicane
z578,10,42.9521184289,0,Ramicane
z578,15,38.6885160717,0,Ramicane
z578,20,36.890016346799996,0,Ramicane
z578,25,37.4141141905,0,Ramicane
z578,30,37.8159348669,0,Ramicane
z578,35,38.504824438,0,Ramicane
z578,40,34.0220933558,0,Ramicane
z578,45,30.6386957475,0,Ramicane
r921,0,45.0,0,Ramicane
r921,5,45.56821082850001,0,Ramicane
r921,10,42.7119269415,0,Ramicane
r921,15,43.5272605378,0,Ramicane
r921,20,44.136315884700004,0,Ramicane
r921,25,42.655340893099996,1,Ramicane
r921,30,43.4193807663,1,Ramicane
a492,0,45.0,0,Stelasyn
a492,5,46.40914338899999,0,Stelasyn
a492,10,48.432196607600005,0,Stelasyn
a492,15,51.9852629008,0,Stelasyn
a492,20,53.677192528199996,0,Stelasyn
a492,25,54.70122868399999,1,Stelasyn
a492,30,56.201041043500005,1,Stelasyn
a492,35,57.3085537947,1,Stelasyn
a492,40,57.9284989721,1,Stelasyn
a492,45,60.1220105157,1,Stelasyn
w540,0,45.0,0,Stelasyn
w540,5,45.8853703831,1,Stelasyn
w540,10,47.4590665763,1,Stelasyn
w540,15,48.2501463553,2,Stelasyn
w540,20,50.6727274492,2,Stelasyn
w540,25,52.600269551800004,2,Stelasyn
v764,0,45.0,0,Stelasyn
v764,5,47.0541847448,0,Stelasyn
v764,10,48.1890006167,1,Stelasyn
v764,15,49.4126241794,2,Stelasyn
z795,0,45.0,0,Naftisol
z795,5,46.833474934799995,0,Naftisol
z795,10,48.030803902399995,0,Naftisol
z795,15,49.3681318879,1,Naftisol
z795,20,53.2806571743,1,Naftisol
z795,25,57.9470998402,2,Naftisol
z795,30,59.789635903999994,2,Naftisol
z795,35,60.435654163900004,2,Naftisol
z795,40,62.3766388411,3,Naftisol
z795,45,65.74107029390001,3,Naftisol
e291,0,45.0,0,Naftisol
e291,5,46.1425048634,0,Naftisol
e291,10,48.5297412455,1,Naftisol
e291,15,49.3484262002,1,Naftisol
e291,20,52.533764786999996,1,Naftisol
e291,25,55.1389525025,2,Naftisol
e584,0,45.0,0,Naftisol
e584,5,45.656978496,0,Naftisol
e584,10,47.2506414788,0,Naftisol
e584,15,48.4304105275,1,Naftisol
e584,20,50.344920952799995,2,Naftisol
e584,25,51.3864190841,2,Naftisol
e584,30,54.9844076668,3,Naftisol
e584,35,58.0865598876,3,Naftisol
e584,40,62.8168708302,4,Naftisol
e584,45,68.3597766991,4,Naftisol
e213,0,45.0,0,Naftisol
e213,5,45.699250182600004,1,Naftisol
e213,10,47.39157120229999,2,Naftisol
e213,15,51.791695296099995,2,Naftisol
e213,20,52.6137628852,2,Naftisol
e213,25,55.224476148,2,Naftisol
e213,30,56.458728642299995,3,Naftisol
e213,35,58.2458543541,3,Naftisol
e213,40,60.2365479716,3,Naftisol
e213,45,63.105696295200005,4,Naftisol
j755,0,45.0,0,Naftisol
j755,5,47.242843570299996,0,Naftisol
j755,10,48.167060829499995,0,Naftisol
j755,15,51.4539739071,0,Naftisol
j755,20,55.49660752810001,1,Naftisol
j755,25,58.055818216400006,1,Naftisol
j755,30,60.0072097835,1,Naftisol
j755,35,62.732857600500004,1,Naftisol
j755,40,67.2077102951,1,Naftisol
j755,45,69.56362075979999,1,Naftisol
s565,0,45.0,0,Stelasyn
s565,5,48.2425521816,0,Stelasyn
s565,10,52.7775270975,0,Stelasyn
s565,15,54.328316635,1,Stelasyn
s565,20,57.0461891185,1,Stelasyn
s565,25,58.5536107924,1,Stelasyn
s565,30,63.6689667821,1,Stelasyn
s565,35,64.77657908649999,2,Stelasyn
s565,40,67.2210069793,2,Stelasyn
s565,45,72.58896446770001,2,Stelasyn
a366,0,45.0,0,Stelasyn
a366,5,48.9513677307,0,Stelasyn
a366,10,53.523990068500005,0,Stelasyn
a366,15,55.265581626899994,0,Stelasyn
a366,20,57.2859874161,0,Stelasyn
a366,25,59.0117281702,0,Stelasyn
a366,30,63.440686273599994,1,Stelasyn
p387,0,45.0,0,Stelasyn
p387,5,48.6676307472,0,Stelasyn
p387,10,53.362962941000006,0,Stelasyn
p387,15,55.2513803256,0,Stelasyn
p387,20,56.5876167975,0,Stelasyn
p387,25,58.098489458500005,0,Stelasyn
p387,30,63.2692455226,0,Stelasyn
p387,35,66.4922037978,1,Stelasyn
p387,40,69.0388761787,1,Stelasyn
b879,0,45.0,0,Stelasyn
b879,5,49.1561562774,1,Stelasyn
b879,10,50.3389458287,1,Stelasyn
b879,15,51.6183865728,1,Stelasyn
b879,20,53.9834356818,1,Stelasyn
b879,25,56.4699874382,2,Stelasyn
b879,30,60.9076148061,2,Stelasyn
b879,35,64.2608863279,2,Stelasyn
b879,40,67.1891266642,2,Stelasyn
b879,45,72.5552389364,2,Stelasyn
i901,0,45.0,0,Stelasyn
i901,5,46.493023919399995,0,Stelasyn
i901,10,50.4212498188,0,Stelasyn
i901,15,51.4196423913,0,Stelasyn
i901,20,55.9744050244,0,Stelasyn
i901,25,56.5751949982,0,Stelasyn
i901,30,60.5918575471,0,Stelasyn
i901,35,62.1273356091,0,Stelasyn
i901,40,64.3034545102,0,Stelasyn
i901,45,65.3418108738,0,Stelasyn
k862,0,45.0,0,Stelasyn
k862,5,49.2030578603,0,Stelasyn
k862,10,50.5235500683,1,Stelasyn
k862,15,54.4745336208,1,Stelasyn
k862,20,57.057848183500006,1,Stelasyn
k862,25,58.719297297299995,2,Stelasyn
k862,30,60.605439789799995,3,Stelasyn
k862,35,66.5807224433,3,Stelasyn
k862,40,67.5713412826,4,Stelasyn
k862,45,69.2991490732,4,Stelasyn
g867,0,45.0,0,Stelasyn
g867,5,46.8807491586,0,Stelasyn
g867,10,48.1834016703,0,Stelasyn
g867,15,51.0604192395,1,Stelasyn
s619,0,45.0,0,Stelasyn
s619,5,46.6022687751,0,Stelasyn
w697,0,45.0,0,Stelasyn
w697,5,48.3018226056,1,Stelasyn
w697,10,48.9250560049,2,Stelasyn
w697,15,52.657265186800004,2,Stelasyn
w697,20,54.2280909812,3,Stelasyn
w697,25,57.610394297,3,Stelasyn
w697,30,60.7206359101,3,Stelasyn
w697,35,63.6890421576,3,Stelasyn
j984,0,45.0,0,Stelasyn
j984,5,48.4107210949,1,Stelasyn
j984,10,50.14108401399999,1,Stelasyn
j984,15,51.166756873100006,1,Stelasyn
j984,20,54.37251566689999,1,Stelasyn
j984,25,57.0643547939,1,Stelasyn
j984,30,61.2405057258,1,Stelasyn
j984,35,64.0553989564,1,Stelasyn
j984,40,67.7770803588,1,Stelasyn
j984,45,70.6538316181,1,Stelasyn
c402,0,45.0,0,Stelasyn
c402,5,49.3426301024,1,Stelasyn
c402,10,50.5668941174,1,Stelasyn
c402,15,52.2307194355,1,Stelasyn
c402,20,54.883320442700004,2,Stelasyn
c402,25,58.269888527,2,Stelasyn
c402,30,63.7431942843,2,Stelasyn
c402,35,65.80796270020001,2,Stelasyn
c402,40,70.2222967893,2,Stelasyn
c402,45,74.0403901771,3,Stelasyn
h333,0,45.0,0,Stelasyn
h333,5,45.75172728020001,0,Stelasyn
h333,10,46.233844138900004,1,Stelasyn
h333,15,50.692603580299995,2,Stelasyn
h333,20,51.997806181099996,2,Stelasyn
h333,25,53.7309143434,2,Stelasyn
h333,30,55.4552897489,2,Stelasyn
k510,0,45.0,0,Stelasyn
k510,5,46.6084671022,0,Stelasyn
k510,10,47.658249795500005,1,Stelasyn
k510,15,49.6870516988,1,Stelasyn
k510,20,52.105573819300005,1,Stelasyn
p981,0,45.0,0,Stelasyn
p981,5,47.000627172799994,0,Stelasyn
p981,10,47.5458458532,0,Stelasyn
p981,15,49.6577097279,0,Stelasyn
p981,20,50.3580694704,0,Stelasyn
p981,25,52.5447048014,1,Stelasyn
p981,30,56.3391043173,1,Stelasyn
p981,35,59.1310229741,1,Stelasyn
t451,0,45.0,0,Stelasyn
t451,5,48.0471388219,0,Stelasyn
t451,10,48.957919057,0,Stelasyn
t451,15,49.652787722700005,0,Stelasyn
t451,20,51.063677928999994,0,Stelasyn
t451,25,55.527553445200006,0,Stelasyn
t451,30,59.2758226844,0,Stelasyn
t451,35,63.7569896424,0,Stelasyn
t451,40,67.654795994,1,Stelasyn
t451,45,68.711630197,1,Stelasyn
a963,0,45.0,0,Stelasyn
a963,5,46.23350580859999,0,Stelasyn
a963,10,47.1505220053,0,Stelasyn
a963,15,47.8368521776,0,Stelasyn
a963,20,51.4637344829,0,Stelasyn
a963,25,52.1298037405,0,Stelasyn
a963,30,53.4016673771,1,Stelasyn
a963,35,56.8139764581,1,Stelasyn
a963,40,58.4637868525,1,Stelasyn
a963,45,62.76509316520001,1,Stelasyn
m269,0,45.0,0,Stelasyn
m269,5,49.0111800953,0,Stelasyn
m269,10,50.86013006100001,0,Stelasyn
m269,15,55.9053435986,0,Stelasyn
m269,20,61.1458663804,0,Stelasyn
m269,25,64.8930197554,0,Stelasyn
m269,30,67.71250988220001,1,Stelasyn
m269,35,68.689917354,1,Stelasyn
m269,40,70.21464418640001,1,Stelasyn
m269,45,75.1236895484,1,Stelasyn
g989,0,45.0,0,Stelasyn
g989,0,45.0,0,Propriva
g989,0,45.0,0,Stelasyn
g989,0,45.0,0,Propriva
g989,5,48.786801463500005,0,Stelasyn
g989,5,48.786801463500005,0,Propriva
g989,5,47.5703920761,0,Stelasyn
g989,5,47.5703920761,0,Propriva
g989,10,51.7451561314,0,Stelasyn
g989,10,51.7451561314,0,Propriva
g989,10,49.8805278017,0,Stelasyn
g989,10,49.8805278017,0,Propriva
g989,15,51.3258520692,1,Stelasyn
g989,15,51.3258520692,1,Propriva
g989,15,53.442019761000005,0,Stelasyn
g989,15,53.442019761000005,0,Propriva
g989,20,55.3261220232,1,Stelasyn
g989,20,55.3261220232,1,Propriva
g989,20,54.6576500822,1,Stelasyn
g989,20,54.6576500822,1,Propriva
g989,25,56.0455635335,1,Stelasyn
g989,25,56.0455635335,1,Propriva
g989,30,59.0822939412,1,Stelasyn
g989,30,59.0822939412,1,Propriva
g989,35,62.5708796137,2,Stelasyn
g989,35,62.5708796137,2,Propriva
z314,0,45.0,0,Stelasyn
z314,5,45.934712167,0,Stelasyn
o848,0,45.0,0,Stelasyn
v719,0,45.0,0,Infubinol
v719,5,47.1883632534,0,Infubinol
v719,10,51.4970541179,1,Infubinol
v719,15,52.609107575799996,1,Infubinol
v719,20,54.0486076896,1,Infubinol
q597,0,45.0,0,Ramicane
q597,5,45.766111039799995,0,Ramicane
q597,10,42.5379859779,0,Ramicane
q597,15,41.3956603602,0,Ramicane
q597,20,41.9255865973,0,Ramicane
q597,25,42.5757070942,1,Ramicane
q597,30,43.339161229300004,1,Ramicane
q597,35,43.8072014225,1,Ramicane
q597,40,44.471821213199995,2,Ramicane
q597,45,45.220868879499996,2,Ramicane
c895,0,45.0,0,Infubinol
c895,5,45.47754399,0,Infubinol
c895,10,49.779015424499995,0,Infubinol
c895,15,52.949464741499995,1,Infubinol
c895,20,53.676839604499996,2,Infubinol
c895,25,57.5341928813,2,Infubinol
c895,30,60.9697113308,2,Infubinol
a203,0,45.0,0,Infubinol
a203,5,48.508468400699996,0,Infubinol
a203,10,51.852437204,1,Infubinol
a203,15,52.77787049770001,1,Infubinol
a203,20,55.173336477700005,1,Infubinol
a203,25,56.7932083242,1,Infubinol
a203,30,59.5231972822,1,Infubinol
a203,35,61.93165006939999,2,Infubinol
a203,40,63.593490019499995,2,Infubinol
a203,45,67.9734187806,2,Infubinol
f394,0,45.0,0,Zoniferol
f394,5,47.0330996326,0,Zoniferol
c264,0,45.0,0,Zoniferol
c264,5,45.79170389350001,0,Zoniferol
c264,10,49.0265919617,0,Zoniferol
c264,15,53.6649416525,1,Zoniferol
c264,20,54.568195702299995,1,Zoniferol
c264,25,56.966768764099996,2,Zoniferol
c264,30,57.823915560699994,2,Zoniferol
c264,35,61.0747950616,2,Zoniferol
c264,40,65.7083227208,2,Zoniferol
c264,45,67.9421210707,2,Zoniferol
n967,0,45.0,0,Zoniferol
n967,5,46.077191731300005,1,Zoniferol
n967,10,47.471723269799995,1,Zoniferol
n967,15,49.8250036162,1,Zoniferol
f545,0,45.0,0,Zoniferol
f545,5,46.5658126328,0,Zoniferol
f545,10,51.0725122479,0,Zoniferol
f545,15,53.9455442904,1,Zoniferol
f545,20,58.841188880299995,1,Zoniferol
f545,25,60.2534813862,1,Zoniferol
f545,30,65.8939860721,1,Zoniferol
f545,35,66.74292417310001,1,Zoniferol
f545,40,71.1081183452,1,Zoniferol
f545,45,73.3244322804,1,Zoniferol
k894,0,45.0,0,Zoniferol
k894,5,47.645686743999995,0,Zoniferol
k894,10,49.2728701133,1,Zoniferol
k894,15,49.9877656973,1,Zoniferol
k894,20,50.981639363199996,1,Zoniferol
k894,25,52.3258383266,2,Zoniferol
k894,30,54.400122789300006,3,Zoniferol
k894,35,55.3626623753,4,Zoniferol
k894,40,58.647056157,4,Zoniferol
k894,45,60.7527041686,4,Zoniferol
k754,0,45.0,0,Zoniferol
k754,5,45.727760403699996,0,Zoniferol
k754,10,49.746116661,0,Zoniferol
k754,15,51.3235699401,0,Zoniferol
k754,20,52.6934227606,1,Zoniferol
g296,0,45.0,0,Zoniferol
g296,5,46.593233366499994,0,Zoniferol
g296,10,48.2695086075,0,Zoniferol
g296,15,49.6532440363,1,Zoniferol
g296,20,51.4471183001,2,Zoniferol
g296,25,55.6701066045,3,Zoniferol
g296,30,57.997706416599996,3,Zoniferol
g296,35,60.3845197846,4,Zoniferol
g296,40,62.2219149274,4,Zoniferol
g296,45,68.16319517069999,4,Zoniferol
d164,0,45.0,0,Zoniferol
d164,5,46.617670614,0,Zoniferol
d164,10,47.4746446813,1,Zoniferol
w575,0,45.0,0,Zoniferol
w575,5,48.9138597737,1,Zoniferol
w575,10,50.1359554709,1,Zoniferol
w575,15,50.8674517572,1,Zoniferol
w575,20,55.591815495,1,Zoniferol
w575,25,58.5873216927,1,Zoniferol
w575,30,60.1530652379,1,Zoniferol
w575,35,63.6864450308,2,Zoniferol
w575,40,64.938406207,3,Zoniferol
w575,45,68.4012859299,3,Zoniferol
x613,0,45.0,0,Zoniferol
x613,5,46.0970405801,0,Zoniferol
x613,10,46.8181759016,0,Zoniferol
x613,15,48.077646404700005,0,Zoniferol
q633,0,45.0,0,Zoniferol
q633,5,47.1838021471,0,Zoniferol
q633,10,49.0018655887,0,Zoniferol
q633,15,50.5835572966,1,Zoniferol
q633,20,53.287286808000005,1,Zoniferol
q633,25,55.6831017,1,Zoniferol
q633,30,58.0572525749,1,Zoniferol
q633,35,63.125659298100004,1,Zoniferol
q633,40,68.4986387581,2,Zoniferol
q633,45,70.8277963054,2,Zoniferol
b313,0,45.0,0,Zoniferol
b313,5,47.154432544799995,0,Zoniferol
b313,10,48.3193721835,1,Zoniferol
b313,15,49.188387346899994,1,Zoniferol
b313,20,53.979679695200005,1,Zoniferol
b313,25,55.7451462776,1,Zoniferol
f129,0,45.0,0,Zoniferol
f129,5,47.0005939912,0,Zoniferol
f129,10,48.1797190801,1,Zoniferol
f129,15,49.988302463500006,1,Zoniferol
j365,0,45.0,0,Zoniferol
j365,5,46.7112610998,0,Zoniferol
j365,10,48.3493202828,0,Zoniferol
j365,15,49.588263358199995,0,Zoniferol
j365,20,50.939352777399996,1,Zoniferol
j365,25,51.810320400600006,1,Zoniferol
j365,30,54.4048817649,1,Zoniferol
j365,35,56.9612001622,2,Zoniferol
j365,40,62.327170655500005,2,Zoniferol
j365,45,64.2940849315,2,Zoniferol
p136,0,45.0,0,Zoniferol
p136,5,49.273970958999996,0,Zoniferol
p136,10,50.9078902812,0,Zoniferol
p136,15,51.9914161632,1,Zoniferol
p136,20,54.9137985665,1,Zoniferol
p136,25,56.2814765233,1,Zoniferol
p136,30,57.0528054555,1,Zoniferol
p136,35,57.6307819529,1,Zoniferol
p136,40,61.3802488668,1,Zoniferol
p136,45,63.488696780299996,2,Zoniferol
c559,0,45.0,0,Zoniferol
c559,5,46.562637930200005,0,Zoniferol
c559,10,47.2932601213,0,Zoniferol
c559,15,51.414903580200004,1,Zoniferol
c559,20,52.6043669453,2,Zoniferol
c559,25,54.555441683000005,2,Zoniferol
c559,30,57.146143883,2,Zoniferol
c559,35,59.4550407417,2,Zoniferol
c559,40,60.86184431229999,3,Zoniferol
c559,45,61.840058422,4,Zoniferol
a788,0,45.0,0,Zoniferol
a788,5,47.0065802437,0,Zoniferol
a788,10,50.1597213166,1,Zoniferol
a788,15,52.539949263800004,1,Zoniferol
a788,20,54.0609833167,1,Zoniferol
a788,25,56.7702802971,1,Zoniferol
a788,30,60.4137090758,1,Zoniferol
s337,0,45.0,0,Zoniferol
s337,5,46.8498515661,0,Zoniferol
s337,10,47.8944414988,0,Zoniferol
s337,15,48.5715158185,0,Zoniferol
s337,20,49.2020540787,1,Zoniferol
s337,25,50.9706888979,2,Zoniferol
s337,30,52.747717676099995,3,Zoniferol
s337,35,54.810812508400005,3,Zoniferol
s337,40,56.9948158925,4,Zoniferol
s337,45,62.1096510197,4,Zoniferol
q511,0,45.0,0,Zoniferol
q511,5,45.8326537772,0,Zoniferol
q511,10,50.3116468696,0,Zoniferol
q511,15,52.1330813859,0,Zoniferol
q511,20,52.6727120546,0,Zoniferol
q511,25,57.2575828717,0,Zoniferol
q511,30,59.364353504499995,1,Zoniferol
q511,35,60.8386605931,1,Zoniferol
q511,40,63.1944280711,2,Zoniferol
q511,45,68.61106074770001,3,Zoniferol
m331,0,45.0,0,Zoniferol
m331,5,45.5230137147,1,Zoniferol
m331,10,47.646877348800004,1,Zoniferol
m331,15,52.1100875766,1,Zoniferol
o926,0,45.0,0,Zoniferol
o926,5,46.7611637314,0,Zoniferol
o926,10,47.565673635900005,1,Zoniferol
o926,15,48.254248392799994,1,Zoniferol
o926,20,51.826638253,2,Zoniferol
o926,25,54.7633385212,3,Zoniferol
o926,30,56.9173983838,3,Zoniferol
o926,35,58.593993177200005,3,Zoniferol
o926,40,59.903044476999995,3,Zoniferol
o926,45,62.327966062899996,4,Zoniferol
d133,0,45.0,0,Zoniferol
n630,0,45.0,0,Propriva
n630,5,46.0990996926,0,Propriva
a401,0,45.0,0,Zoniferol
a401,5,46.1119859138,0,Zoniferol
a401,10,47.7259374025,1,Zoniferol
a401,15,49.934725416599996,1,Zoniferol
a401,20,52.20451135729999,2,Zoniferol
a401,25,54.2098355061,3,Zoniferol
a401,30,55.9101615864,3,Zoniferol
a401,35,60.347144674,3,Zoniferol
a401,40,61.7686053849,4,Zoniferol
a401,45,66.79415598920001,4,Zoniferol
w350,0,45.0,0,Propriva
w350,5,48.232113105,0,Propriva
w350,10,48.899552379700005,0,Propriva
w350,15,50.8546323041,1,Propriva
w350,20,52.1323206066,1,Propriva
w350,25,52.8059151802,1,Propriva
w350,30,55.8799089617,1,Propriva
w350,35,56.683557576800006,1,Propriva
w350,40,62.324347690100005,2,Propriva
w350,45,64.957561848,2,Propriva
c302,0,45.0,0,Zoniferol
c302,5,47.690679858500005,1,Zoniferol
c302,10,48.5335670388,1,Zoniferol
c302,15,52.71663458890001,2,Zoniferol
c302,20,54.0809083649,3,Zoniferol
c302,25,55.0762285293,3,Zoniferol
c302,30,57.419743886999996,3,Zoniferol
c302,35,62.2365715655,3,Zoniferol
c302,40,63.281071482399994,4,Zoniferol
c302,45,64.5752215711,4,Zoniferol
a897,0,45.0,0,Placebo
a897,5,45.6911240483,1,Placebo
a897,10,47.972927076800005,1,Placebo
a897,15,52.3430852455,2,Placebo
a897,20,54.5957054124,3,Placebo
a897,25,56.4133197742,3,Placebo
a897,30,59.9169344271,3,Placebo
a897,35,64.0528731025,3,Placebo
a897,40,67.211742786,4,Placebo
a897,45,72.2559630577,4,Placebo
j235,0,45.0,0,Placebo
j235,5,46.588819783599995,0,Placebo
j235,10,48.018787924399994,1,Placebo
j235,15,51.1611381503,1,Placebo
j235,20,52.942901685699994,1,Placebo
q787,0,45.0,0,Placebo
q787,5,47.1166158739,0,Placebo
q787,10,48.5938623364,1,Placebo
q787,15,49.2177324345,2,Placebo
q787,20,50.229934186099996,2,Placebo
q787,25,52.713187855200005,2,Placebo
q787,30,55.0362062491,2,Placebo
q787,35,60.3338524187,3,Placebo
q787,40,62.03412670310001,3,Placebo
q787,45,66.0964747731,3,Placebo
a262,0,45.0,0,Placebo
a262,5,48.717568191000005,1,Placebo
a262,10,49.5951812923,1,Placebo
a262,15,53.82797367479999,2,Placebo
a262,20,57.01331331,2,Placebo
a262,25,60.1318621679,2,Placebo
a262,30,64.9580917839,3,Placebo
a262,35,66.5619630236,4,Placebo
a262,40,69.592731975,4,Placebo
a262,45,70.7176205811,4,Placebo
r850,0,45.0,0,Placebo
r850,5,46.8629119373,0,Placebo
r850,10,48.515090853800004,1,Placebo
r850,15,50.218604692,1,Placebo
i669,0,45.0,0,Placebo
i669,5,46.7646682399,1,Placebo
i669,10,48.2816334005,1,Placebo
i669,15,48.857600704,1,Placebo
i669,20,50.873690269700006,1,Placebo
i669,25,53.3031845548,2,Placebo
n763,0,45.0,0,Placebo
n763,5,46.0859814231,0,Placebo
n763,10,46.817315262600005,1,Placebo
n763,15,47.7980996091,1,Placebo
n763,20,49.2581258142,1,Placebo
n763,25,53.4058705293,2,Placebo
n763,30,55.41365960979999,3,Placebo
n763,35,57.3824129586,3,Placebo
n763,40,58.011145829600004,4,Placebo
s152,0,45.0,0,Placebo
s152,5,47.459052900299994,1,Placebo
s152,10,52.18164420350001,2,Placebo
s152,15,57.22498063689999,2,Placebo
s152,20,62.351609445600005,2,Placebo
s152,25,64.1191421308,2,Placebo
c766,0,45.0,0,Placebo
c766,5,47.3130553707,0,Placebo
c766,10,49.5002709847,1,Placebo
c766,15,50.5966332487,2,Placebo
c766,20,53.0068646304,3,Placebo
c766,25,58.214624371999996,3,Placebo
c766,30,60.2559244984,3,Placebo
c766,35,65.9523679089,4,Placebo
c766,40,67.68529455779999,4,Placebo
c766,45,69.8231457684,4,Placebo
e227,0,45.0,0,Placebo
e227,5,47.238011122799996,0,Placebo
e227,10,51.3497570463,1,Placebo
e227,15,52.8339419644,1,Placebo
e227,20,56.607552103100005,1,Placebo
e227,25,60.600291685600006,1,Placebo
e227,30,62.4643851526,2,Placebo
e227,35,66.9491213569,3,Placebo
e227,40,70.7152176003,3,Placebo
e227,45,73.2129385077,3,Placebo
c282,0,45.0,0,Placebo
c282,5,45.725689726400006,0,Placebo
c282,10,48.179506376400006,0,Placebo
c282,15,49.2660787336,0,Placebo
c282,20,51.9505742324,0,Placebo
c282,25,56.292200388000005,1,Placebo
c282,30,59.005902068500006,1,Placebo
c282,35,59.8876547494,1,Placebo
c282,40,65.0217994401,2,Placebo
c282,45,65.8151653496,2,Placebo
v989,0,45.0,0,Placebo
v989,5,48.858134512700005,0,Placebo
v989,10,52.61468889020001,1,Placebo
w140,0,45.0,0,Zoniferol
w140,5,47.71795156060001,0,Zoniferol
v409,0,45.0,0,Placebo
v409,5,46.2207964218,0,Placebo
v409,10,50.649038422299995,1,Placebo
l872,0,45.0,0,Placebo
o795,0,45.0,0,Placebo
o795,5,46.760927208000005,1,Placebo
o795,10,51.1237037021,1,Placebo
o795,15,55.8863379287,2,Placebo
o795,20,60.610059159799995,3,Placebo
o795,25,65.7417772276,4,Placebo
o795,30,68.2170697425,4,Placebo
o795,35,69.0850941547,4,Placebo
o795,40,70.26647886960001,4,Placebo
o795,45,73.0594543492,4,Placebo
y478,0,45.0,0,Placebo
y478,5,48.6410781799,1,Placebo
y478,10,52.2889340897,1,Placebo
y478,15,53.610405845,1,Placebo
y478,20,56.8488501637,1,Placebo
y478,25,57.8269759771,1,Placebo
y478,30,59.3746145163,1,Placebo
y478,35,61.888026776800004,1,Placebo
y478,40,65.9711201741,1,Placebo
y478,45,66.842634534,1,Placebo
q582,0,45.0,0,Placebo
q582,5,45.9553989471,1,Placebo
q582,10,47.013575143999994,1,Placebo
q582,15,48.322640182200004,2,Placebo
q582,20,51.1859764799,2,Placebo
q582,25,51.9682105622,2,Placebo
q582,30,52.64889349560001,2,Placebo
q582,35,53.71315791520001,2,Placebo
s166,0,45.0,0,Placebo
s166,5,47.1867877757,0,Placebo
s166,10,49.00012467649999,0,Placebo
x773,0,45.0,0,Placebo
x773,5,45.850830700500005,1,Placebo
x773,10,47.18920597100001,2,Placebo
x773,15,47.671235576099996,3,Placebo
x773,20,49.7397128983,3,Placebo
x773,25,51.1044210864,3,Placebo
x773,30,52.813115177,4,Placebo
x773,35,55.1927363917,4,Placebo
x773,40,55.9876755056,4,Placebo
x773,45,58.63497148689999,4,Placebo
w167,0,45.0,0,Placebo
w167,5,48.786271943500005,0,Placebo
w167,10,51.8264096538,0,Placebo
w167,15,53.9004890913,0,Placebo
w167,20,57.548156688999995,0,Placebo
w167,25,61.868576732,0,Placebo
w167,30,67.1978718559,0,Placebo
w167,35,68.1342881703,0,Placebo
t718,0,45.0,0,Placebo
t718,5,45.9212527234,1,Placebo
t718,10,46.39268804859999,1,Placebo
t718,15,48.0851255155,1,Placebo
t718,20,52.6367000006,2,Placebo
t718,25,55.876587873999995,3,Placebo
t718,30,57.7041137204,3,Placebo
t718,35,60.4638985119,3,Placebo
t718,40,61.530398900200005,3,Placebo
t718,45,63.4236951662,4,Placebo
o302,0,45.0,0,Placebo
o302,5,48.9370118777,0,Placebo
o302,10,49.7014498925,0,Placebo
o302,15,51.381488855,0,Placebo
o302,20,56.1776114258,0,Placebo
o302,25,60.517102525,0,Placebo
o302,30,62.03059364479999,1,Placebo
i477,0,45.0,0,Placebo
i477,5,46.6573847087,0,Placebo
i477,10,47.5206320557,0,Placebo
c757,0,45.0,0,Placebo
c757,5,47.7832798083,0,Placebo
c757,10,49.219316685200006,0,Placebo
c757,15,51.5326030045,0,Placebo
c757,20,52.8186340079,1,Placebo
c757,25,57.106418205,2,Placebo
c757,30,60.0985718432,2,Placebo
c757,35,64.2911635123,2,Placebo
c757,40,66.6043677097,2,Placebo
c757,45,69.04284081770001,3,Placebo
t994,0,45.0,0,Placebo
t994,5,47.8914870979,0,Placebo
t994,10,52.614163499200004,1,Placebo
t994,15,53.4586388685,1,Placebo
t994,20,56.527951594799994,1,Placebo
p310,0,45.0,0,Propriva
p310,5,46.55853236229999,1,Propriva
p310,10,48.6656066817,1,Propriva
p310,15,49.7707414379,1,Propriva
p310,20,54.2051805405,1,Propriva
p310,25,55.3418341569,2,Propriva
a699,0,45.0,0,Propriva
a699,5,46.55308985520001,0,Propriva
a699,10,47.8673756864,0,Propriva
a699,15,49.530401373400004,0,Propriva
a699,20,50.7124233362,0,Propriva
a699,25,51.8463814709,0,Propriva
a699,30,54.37934505,0,Propriva
a699,35,56.5106823354,1,Propriva
a699,40,58.605448163599995,1,Propriva
a699,45,62.1914143712,1,Propriva
k603,0,45.0,0,Propriva
k603,5,46.042115822700005,0,Propriva
k603,10,46.6069467587,0,Propriva
k603,15,48.7752854973,0,Propriva
k603,20,50.180109351000006,0,Propriva
x822,0,45.0,0,Ceftamin
x822,5,45.671104424700005,1,Ceftamin
x822,10,48.9837166792,1,Ceftamin
x822,15,49.694665333900005,1,Ceftamin
x822,20,51.9149096805,2,Ceftamin
x822,25,54.0413332582,2,Ceftamin
x822,30,55.4451548315,2,Ceftamin
x822,35,56.7965666526,2,Ceftamin
x822,40,59.5556846563,2,Ceftamin
x822,45,61.386660315200004,3,Ceftamin
l558,0,45.0,0,Ceftamin
l558,5,45.809088816199996,0,Ceftamin
l558,10,46.7845349065,0,Ceftamin
l733,0,45.0,0,Ceftamin
l733,5,46.174226268199995,0,Ceftamin
l733,10,48.3549515398,0,Ceftamin
l733,15,49.285195035600005,0,Ceftamin
l733,20,53.244311567,1,Ceftamin
l733,25,54.951668263500004,1,Ceftamin
l733,30,56.3190653669,1,Ceftamin
l733,35,57.6007977375,1,Ceftamin
l733,40,59.443506495200005,1,Ceftamin
l733,45,64.2998300327,1,Ceftamin
f436,0,45.0,0,Ceftamin
f436,5,46.3707975921,1,Ceftamin
f436,10,48.146977582,2,Ceftamin
f436,15,48.722077849399994,2,Ceftamin
l490,0,45.0,0,Ceftamin
l490,5,45.6125391753,1,Ceftamin
l490,10,47.2596059376,1,Ceftamin
l490,15,50.5248126764,1,Ceftamin
l490,20,51.9054469916,1,Ceftamin
l490,25,55.810033590799996,2,Ceftamin
l490,30,57.918381316499996,3,Ceftamin
b759,0,45.0,0,Ceftamin
b759,5,48.0091904896,0,Ceftamin
b759,10,49.1333549892,0,Ceftamin
b759,15,51.587799059700004,0,Ceftamin
b759,20,54.44303502060001,0,Ceftamin
b759,25,55.0836323492,0,Ceftamin
b759,30,55.742828691899994,1,Ceftamin
l471,0,45.0,0,Ceftamin
l471,5,46.251872037700004,0,Ceftamin
l471,10,48.182063061899996,0,Ceftamin
l471,15,49.406879008599994,0,Ceftamin
l471,20,52.2283269846,0,Ceftamin
l471,25,52.8475589322,1,Ceftamin
l471,30,58.0936044633,1,Ceftamin
l471,35,61.4059991646,1,Ceftamin
l471,40,63.84485785,1,Ceftamin
l471,45,67.7486617382,1,Ceftamin
y865,0,45.0,0,Ceftamin
y865,5,46.7350059228,1,Ceftamin
y865,10,49.5227395512,1,Ceftamin
y865,15,50.8065185581,1,Ceftamin
y865,20,52.361982411599996,1,Ceftamin
y865,25,57.173538463,2,Ceftamin
y865,30,59.0332753041,3,Ceftamin
y865,35,61.153139910600004,3,Ceftamin
y865,40,63.469549459899994,3,Ceftamin
y865,45,64.7298365528,3,Ceftamin
y769,0,45.0,0,Ceftamin
y769,5,46.4226517593,1,Ceftamin
y769,10,48.015162605600004,1,Ceftamin
y769,15,52.761021138400004,2,Ceftamin
y769,20,55.0257243359,2,Ceftamin
y769,25,58.3359590128,3,Ceftamin
y769,30,61.071948864300005,3,Ceftamin
y769,35,63.4306322123,3,Ceftamin
y769,40,64.2510276139,4,Ceftamin
y769,45,68.5947449754,4,Ceftamin
l661,0,45.0,0,Ceftamin
l661,5,46.2687990432,0,Ceftamin
l661,10,49.6836195618,0,Ceftamin
l661,15,50.9475448381,1,Ceftamin
l661,20,52.617490027200006,1,Ceftamin
l661,25,53.180656782700005,2,Ceftamin
l661,30,55.3290993571,2,Ceftamin
l661,35,56.4741287099,2,Ceftamin
l661,40,59.205668760500004,3,Ceftamin
l661,45,59.8519555174,3,Ceftamin
j296,0,45.0,0,Ceftamin
j296,5,46.799255907299994,1,Ceftamin
j296,10,48.529977621099995,2,Ceftamin
j296,15,50.7012795885,2,Ceftamin
j296,20,54.005342088999996,3,Ceftamin
j296,25,55.76714817,3,Ceftamin
j296,30,56.803061207,3,Ceftamin
j296,35,58.714482958199994,3,Ceftamin
j296,40,60.0726884804,3,Ceftamin
j296,45,61.8490233555,3,Ceftamin
u149,0,45.0,0,Ceftamin
u149,5,45.7920679201,0,Ceftamin
u149,10,47.4048343929,0,Ceftamin
u149,15,48.5223734258,0,Ceftamin
u149,20,50.3780578929,0,Ceftamin
u149,25,52.9253484646,0,Ceftamin
u153,0,45.0,0,Ceftamin
w151,0,45.0,0,Ceftamin
w151,5,45.5460759472,1,Ceftamin
w151,10,46.501476088500006,1,Ceftamin
w151,15,47.2429286461,1,Ceftamin
w151,20,49.5542629542,2,Ceftamin
w151,25,51.8690586965,2,Ceftamin
w151,30,56.7671582075,2,Ceftamin
w151,35,58.3391409547,2,Ceftamin
w151,40,62.187950389099996,2,Ceftamin
w151,45,67.5274823673,3,Ceftamin
h531,0,45.0,0,Ceftamin
h531,5,47.78468180350001,0,Ceftamin
a685,0,45.0,0,Infubinol
a685,5,46.870482556800006,0,Infubinol
a685,10,47.664752644,0,Infubinol
a685,15,48.951474422,0,Infubinol
a685,20,49.490559016999995,0,Infubinol
a685,25,51.93995092270001,0,Infubinol
a685,30,55.4538551891,1,Infubinol
a685,35,58.0926292504,1,Infubinol
a685,40,60.5679037056,2,Infubinol
a685,45,66.08306589,3,Infubinol
o813,0,45.0,0,Infubinol
o813,5,45.699330877799994,0,Infubinol
m756,0,45.0,0,Infubinol
m756,5,47.0103640056,1,Infubinol
n671,0,45.0,0,Infubinol
n671,5,47.3538893818,0,Infubinol
n671,10,51.0393565292,0,Infubinol
n671,15,54.216064105200005,0,Infubinol
n671,20,54.822520906099996,0,Infubinol
n671,25,56.174457851099994,0,Infubinol
n671,30,60.1651804559,0,Infubinol
s121,0,45.0,0,Infubinol
s121,5,45.6356617442,1,Infubinol
s121,10,49.0488347855,1,Infubinol
s121,15,50.824560307700004,2,Infubinol
s121,20,52.005065899899996,2,Infubinol
s121,25,55.65068131899999,2,Infubinol
v766,0,45.0,0,Infubinol
v766,5,48.1512509146,1,Infubinol
v766,10,50.3631098827,1,Infubinol
v766,15,51.5424305838,1,Infubinol
w193,0,45.0,0,Infubinol
w193,5,45.4938580222,0,Infubinol
w193,10,48.3465504575,0,Infubinol
w193,15,49.385573728999994,0,Infubinol
w193,20,50.005138074499996,0,Infubinol
e476,0,45.0,0,Infubinol
e476,5,47.11180112979999,0,Infubinol
e476,10,49.431685363199996,0,Infubinol
e476,15,54.0462126734,0,Infubinol
e476,20,55.249272955100004,0,Infubinol
e476,25,57.4086380039,0,Infubinol
e476,30,57.99279743,1,Infubinol
e476,35,60.0643402029,1,Infubinol
e476,40,61.5252758296,1,Infubinol
e476,45,62.4354040184,1,Infubinol
w584,0,45.0,0,Infubinol
w584,5,46.0519307545,0,Infubinol
w584,10,47.29850793600001,0,Infubinol
w584,15,51.26543971,0,Infubinol
w584,20,53.3235074308,1,Infubinol
w584,25,55.6508379117,1,Infubinol
w584,30,58.2684424837,1,Infubinol
b447,0,45.0,0,Ceftamin
k210,0,45.0,0,Ceftamin
k210,5,47.918997705600006,0,Ceftamin
k210,10,49.3799323142,0,Ceftamin
k210,15,51.073557516,0,Ceftamin
k210,20,51.9976185453,0,Ceftamin
k210,25,54.613972794300004,0,Ceftamin
k210,30,59.9895097609,1,Ceftamin
k210,35,63.329330227,1,Ceftamin
k210,40,66.62283627560001,2,Ceftamin
k210,45,68.9231845721,3,Ceftamin
a275,0,45.0,0,Ceftamin
a275,5,46.795257280600005,0,Ceftamin
a275,10,47.3713432827,0,Ceftamin
a275,15,49.7344035867,0,Ceftamin
a275,20,50.513436516999995,1,Ceftamin
a275,25,53.5760641671,1,Ceftamin
a275,30,54.4447131688,2,Ceftamin
a275,35,56.35353803939999,2,Ceftamin
a275,40,60.921538678699996,3,Ceftamin
a275,45,62.9993561904,3,Ceftamin
x581,0,45.0,0,Ceftamin
x581,5,47.1969265953,0,Ceftamin
x581,10,49.0670278775,1,Ceftamin
x581,15,49.746427444300004,2,Ceftamin
x581,20,51.2079694323,3,Ceftamin
x581,25,51.9352831811,3,Ceftamin
x581,30,55.4928260178,3,Ceftamin
x581,35,58.0775829251,3,Ceftamin
x581,40,60.280405485799996,3,Ceftamin
x581,45,64.63494887479999,3,Ceftamin
n482,0,45.0,0,Propriva
t198,0,45.0,0,Propriva
t198,5,47.461260521999996,0,Propriva
t198,10,49.0008097751,1,Propriva
t198,15,49.7811807982,2,Propriva
t198,20,51.4907399809,3,Propriva
t198,25,56.184663987,3,Propriva
t198,30,56.9249743083,3,Propriva
t198,35,57.735941156,3,Propriva
t198,40,59.1299599699,4,Propriva
t198,45,64.9113626787,4,Propriva
l215,0,45.0,0,Propriva
l215,5,49.481949353199994,1,Propriva
l215,10,53.6539695982,1,Propriva
s141,0,45.0,0,Propriva
s141,5,45.8311343446,0,Propriva
s141,10,47.2356915575,0,Propriva
s141,15,49.2323453829,1,Propriva
s141,20,51.621645702799995,1,Propriva
s141,25,53.8043703838,1,Propriva
s141,30,55.841410065,1,Propriva
o523,0,45.0,0,Propriva
o523,5,45.5447000844,0,Propriva
o523,10,47.0810859034,1,Propriva
i635,0,45.0,0,Propriva
i635,5,47.235937153100004,0,Propriva
i635,10,48.6857560472,1,Propriva
i635,15,49.536897745699996,1,Propriva
i635,20,51.8770618925,1,Propriva
i635,25,52.9288232312,1,Propriva
i635,30,53.5970381963,2,Propriva
i635,35,55.679996556800006,2,Propriva
i635,40,56.8424351425,3,Propriva
i635,45,58.633404140100005,3,Propriva
w746,0,45.0,0,Propriva
w746,5,49.4532700546,0,Propriva
r107,0,45.0,0,Propriva
r107,5,48.513420271499996,0,Propriva
r107,10,49.1860105163,0,Propriva
r107,15,53.090335455600005,0,Propriva
r107,20,55.2638583958,0,Propriva
r107,25,57.70666715390001,1,Propriva
r107,30,58.406472558500006,1,Propriva
s187,0,45.0,0,Propriva
s187,5,47.576717609300005,1,Propriva
s187,10,48.14635120649999,1,Propriva
s187,15,52.08163224689999,1,Propriva
s187,20,53.744734056300004,1,Propriva
s187,25,56.4852198404,1,Propriva
s187,30,60.00878262649999,2,Propriva
g570,0,45.0,0,Propriva
g570,5,47.6564243575,1,Propriva
g570,10,49.1882316674,1,Propriva
g570,15,52.68269539520001,1,Propriva
g570,20,54.643295405500005,1,Propriva
g570,25,56.8494055954,1,Propriva
g570,30,60.3287170509,1,Propriva
g570,35,62.3304203966,2,Propriva
g570,40,68.5258561579,2,Propriva
g570,45,70.4927876341,2,Propriva
x209,0,45.0,0,Propriva
x209,5,46.7542688725,0,Propriva
x209,10,48.929895429700004,0,Propriva
x111,0,45.0,0,Propriva
x111,5,46.94101497729999,1,Propriva
x111,10,49.1229689833,1,Propriva
z435,0,45.0,0,Propriva
z435,5,47.1159796322,0,Propriva
z435,10,48.7106614712,0,Propriva
n678,0,45.0,0,Propriva
n678,5,47.55428428729999,0,Propriva
n678,10,49.1457086645,1,Propriva
g558,0,45.0,0,Propriva
g558,5,46.18874192770001,0,Propriva
g558,10,50.0947538217,0,Propriva
g558,15,51.007258002,0,Propriva
g558,20,55.0900969102,1,Propriva
g558,25,55.754082566,2,Propriva
g558,30,58.9528291072,3,Propriva
g558,35,60.8621588345,4,Propriva
g558,40,61.7749626799,4,Propriva
u946,0,45.0,0,Propriva
u946,5,45.991807800100005,1,Propriva
u946,10,46.7305059208,1,Propriva
u946,15,47.6730292145,1,Propriva
u946,20,49.1100496594,1,Propriva
o562,0,45.0,0,Propriva
o562,5,46.5149501609,1,Propriva
o562,10,47.1476700217,1,Propriva
o562,15,51.505085505299995,1,Propriva
o562,20,53.6168634714,1,Propriva
o562,25,54.742733155500005,1,Propriva
o562,30,59.653524533900004,1,Propriva
o562,35,65.3607674211,1,Propriva
o562,40,71.1724632085,1,Propriva
o562,45,72.4554211616,2,Propriva
v991,0,45.0,0,Propriva
v991,5,49.21432799,1,Propriva
v991,10,52.6449056961,1,Propriva
v991,15,54.5885909999,1,Propriva
v991,20,57.740694589600004,2,Propriva
v991,25,60.016747332799994,2,Propriva
v991,30,62.7436430758,3,Propriva
v991,35,63.8953129437,4,Propriva
v991,40,64.8511286037,4,Propriva
v991,45,70.1677489854,4,Propriva
c927,0,45.0,0,Propriva
c927,5,46.3518420477,0,Propriva
c927,10,50.965297666800005,1,Propriva
c927,15,53.266430869,1,Propriva
c927,20,55.481689223900005,1,Propriva
c927,25,56.5455194684,2,Propriva
c927,30,60.7539246042,2,Propriva
c927,35,61.8722736528,3,Propriva
c927,40,64.18322918060001,4,Propriva
x226,0,45.0,0,Ceftamin
p438,0,45.0,0,Ceftamin
p438,5,46.82793417680001,0,Ceftamin
p438,10,50.5174978917,0,Ceftamin
p438,15,52.1983681772,0,Ceftamin
p438,20,52.9052986063,0,Ceftamin
p438,25,54.510574925,0,Ceftamin
p438,30,56.4064217341,0,Ceftamin
p438,35,57.5385554628,1,Ceftamin
p438,40,59.3052880573,1,Ceftamin
p438,45,61.4338922251,1,Ceftamin
b487,0,45.0,0,Ceftamin
b487,5,46.2139773932,0,Ceftamin
b487,10,47.66438709810001,0,Ceftamin
b487,15,51.6832558567,0,Ceftamin
b487,20,53.4276634446,0,Ceftamin
b487,25,56.0577490854,1,Ceftamin
o287,0,45.0,0,Ceftamin
o287,5,45.5868036213,0,Ceftamin
o287,10,47.360200838199994,1,Ceftamin
o287,15,48.6794526075,1,Ceftamin
o287,20,50.8561407771,2,Ceftamin
o287,25,52.0684864185,3,Ceftamin
o287,30,54.5030012211,3,Ceftamin
o287,35,55.1182902851,4,Ceftamin
o287,40,57.1971928996,4,Ceftamin
o287,45,59.7419006401,4,Ceftamin
q483,0,45.0,0,Ceftamin
q483,5,46.7768162388,1,Ceftamin
q483,10,47.8391004992,1,Ceftamin
q483,15,48.4684825962,1,Ceftamin
q483,20,50.2398558011,1,Ceftamin
q483,25,52.4300664882,1,Ceftamin
q483,30,54.952225851,1,Ceftamin
q483,35,59.253484331,1,Ceftamin
q483,40,64.19234113520001,1,Ceftamin
t573,0,45.0,0,Ceftamin
f345,0,45.0,0,Infubinol
f345,5,45.5911466041,0,Infubinol
f345,10,47.2224461932,0,Infubinol
f345,15,48.352238540500004,0,Infubinol
f345,20,49.6133830266,0,Infubinol
f345,25,53.078894402799996,0,Infubinol
f345,30,54.3637973094,1,Infubinol
f345,35,56.5233272649,1,Infubinol
f345,40,58.315592504099996,1,Infubinol
f345,45,60.9187665154,1,Infubinol
i334,0,45.0,0,Ramicane
i334,5,41.0205182104,0,Ramicane
i334,10,41.631247305900004,0,Ramicane
i334,15,39.1580011524,0,Ramicane
i334,20,39.6878316954,0,Ramicane
i334,25,38.2488173201,1,Ramicane
i334,30,39.0055543531,1,Ramicane
i334,35,39.769552101799995,2,Ramicane
i334,40,40.442370366999995,2,Ramicane
i334,45,36.3745103858,2,Ramicane
l264,0,45.0,0,Ketapril
l264,5,46.6687664579,0,Ketapril
l264,10,50.6595809445,0,Ketapril
j246,0,45.0,0,Capomulin
j246,5,45.6414378763,0,Capomulin
j246,10,46.4083612964,0,Capomulin
j246,15,43.3126541493,0,Capomulin
j246,20,44.020370085500005,0,Capomulin
j246,25,44.5552259519,0,Capomulin
j246,30,38.044082019,1,Capomulin
j246,35,38.7532654788,1,Capomulin
r554,0,45.0,0,Capomulin
r554,5,45.781745793,1,Capomulin
r554,10,39.0054934991,2,Capomulin
r554,15,35.463757627199996,2,Capomulin
r554,20,36.0155885796,2,Capomulin
r554,25,33.893345148499996,3,Capomulin
r554,30,32.6806545885,3,Capomulin
r554,35,33.0693370516,3,Capomulin
r554,40,31.804841329699997,3,Capomulin
r554,45,32.3773568408,3,Capomulin
s185,0,45.0,0,Capomulin
s185,5,43.878495686099996,0,Capomulin
s185,10,37.6149476787,0,Capomulin
s185,15,38.1772319541,0,Capomulin
s185,20,36.8668757626,0,Capomulin
s185,25,33.9499403692,0,Capomulin
s185,30,32.959670775999996,1,Capomulin
s185,35,28.32853059,1,Capomulin
s185,40,25.4721432616,1,Capomulin
s185,45,23.3435978665,1,Capomulin
b742,0,45.0,0,Capomulin
b742,5,41.5340970177,0,Capomulin
b742,10,41.9992281339,0,Capomulin
b742,15,39.5248430117,0,Capomulin
b742,20,37.950355464,0,Capomulin
b742,25,38.617684334699995,0,Capomulin
b742,30,39.1679494956,0,Capomulin
b742,35,39.8475755554,0,Capomulin
b742,40,38.255627397800005,0,Capomulin
b742,45,38.9396326337,0,Capomulin
x401,0,45.0,0,Capomulin
x401,5,45.4737530157,0,Capomulin
x401,10,39.113890678800004,0,Capomulin
x401,15,39.7762500318,0,Capomulin
x401,20,36.065834708000004,0,Capomulin
x401,25,36.617120313499996,0,Capomulin
x401,30,32.915291864000004,0,Capomulin
x401,35,30.2068248766,0,Capomulin
x401,40,28.167397323099998,0,Capomulin
x401,45,28.4840328114,0,Capomulin
l509,0,45.0,0,Capomulin
l509,5,45.8511928534,0,Capomulin
l509,10,46.7590736347,0,Capomulin
l509,15,47.4885993127,1,Capomulin
l509,20,48.0704516203,2,Capomulin
l509,25,44.006257018,2,Capomulin
l509,30,44.708054732600004,2,Capomulin
l509,35,40.2072885023,2,Capomulin
l509,40,40.7708125938,2,Capomulin
l509,45,41.4830076486,3,Capomulin
s710,0,45.0,0,Capomulin
s710,5,43.1809773956,0,Capomulin
s710,10,43.6880262658,0,Capomulin
s710,15,41.845235362800004,0,Capomulin
s710,20,42.629962657600004,1,Capomulin
s710,25,43.0604087491,1,Capomulin
s710,30,43.5717032336,1,Capomulin
s710,35,44.1605187913,1,Capomulin
s710,40,40.1719201094,1,Capomulin
s710,45,40.728577871599995,1,Capomulin
r157,0,45.0,0,Capomulin
r157,5,45.5970635931,0,Capomulin
r157,10,46.059608267,0,Capomulin
r157,15,46.539206172,0,Capomulin
u364,0,45.0,0,Capomulin
u364,5,45.760886472799996,1,Capomulin
u364,10,46.5684171913,2,Capomulin
u364,15,47.212199924,2,Capomulin
u364,20,40.3439481218,2,Capomulin
u364,25,35.5036155664,2,Capomulin
u364,30,35.9783343964,2,Capomulin
u364,35,35.4594897809,2,Capomulin
u364,40,36.0241375158,2,Capomulin
u364,45,31.0239229361,3,Capomulin
j119,0,45.0,0,Capomulin
j119,5,45.8389978688,0,Capomulin
j119,10,46.425365507799995,0,Capomulin
j119,15,47.322984279799996,0,Capomulin
j119,20,48.1582093856,1,Capomulin
j119,25,42.4171658876,1,Capomulin
j119,30,43.0136811371,1,Capomulin
j119,35,43.7657053733,1,Capomulin
j119,40,44.5850895996,1,Capomulin
j119,45,38.1251643976,1,Capomulin
v923,0,45.0,0,Capomulin
v923,5,45.7044343138,0,Capomulin
v923,10,39.848223284899994,0,Capomulin
v923,15,40.4579887681,0,Capomulin
v923,20,39.6482956778,0,Capomulin
v923,25,40.1564126858,1,Capomulin
v923,30,40.7522162629,2,Capomulin
v923,35,41.4392415569,2,Capomulin
v923,40,42.1510147986,2,Capomulin
v923,45,40.6581236579,2,Capomulin
w914,0,45.0,0,Capomulin
w914,5,45.893720323900006,0,Capomulin
w914,10,43.2319627458,0,Capomulin
w914,15,43.688448926599996,0,Capomulin
w914,20,41.108092328000005,0,Capomulin
w914,25,40.2919166099,0,Capomulin
w914,30,40.99311013,0,Capomulin
w914,35,41.6649157736,1,Capomulin
w914,40,35.6113086052,2,Capomulin
w914,45,36.0410473598,2,Capomulin
i738,0,45.0,0,Capomulin
i738,5,45.595685269899995,0,Capomulin
i738,10,43.4210141409,0,Capomulin
i738,15,37.978777818000005,0,Capomulin
i738,20,38.5311363449,0,Capomulin
i738,25,34.9734376085,0,Capomulin
i738,30,35.5787798701,1,Capomulin
i738,35,36.1759526888,1,Capomulin
i738,40,36.8438979862,2,Capomulin
i738,45,37.3118457744,2,Capomulin
r944,0,45.0,0,Capomulin
r944,5,45.7371448423,0,Capomulin
r944,10,46.5442920172,0,Capomulin
r944,15,47.37342325109999,0,Capomulin
r944,20,43.225671192600004,1,Capomulin
r944,25,41.0869910555,1,Capomulin
r944,30,41.680791107,1,Capomulin
r944,35,40.4017654219,2,Capomulin
r944,40,41.042044904,2,Capomulin
r944,45,41.5815207362,2,Capomulin
y793,0,45.0,0,Capomulin
y793,5,41.019913149699995,0,Capomulin
y793,10,41.6300102575,1,Capomulin
y793,15,42.283665123,1,Capomulin
y793,20,40.7164281529,2,Capomulin
y793,25,38.992733904,2,Capomulin
y793,30,35.72602314,2,Capomulin
y793,35,36.3278695997,2,Capomulin
y793,40,31.4754107558,2,Capomulin
y793,45,31.8962383998,2,Capomulin
g316,0,45.0,0,Capomulin
g316,5,44.022752456499994,0,Capomulin
g316,10,44.5020424625,0,Capomulin
g316,15,45.21674299439999,0,Capomulin
g316,20,45.933322187899996,1,Capomulin
g316,25,46.8092246925,1,Capomulin
g316,30,44.221479879600004,2,Capomulin
g316,35,44.7028329625,2,Capomulin
g316,40,45.56582103109999,2,Capomulin
g316,45,40.159220298600005,2,Capomulin
g288,0,45.0,0,Capomulin
g288,5,45.839399762700005,0,Capomulin
g288,10,46.3040025385,1,Capomulin
g288,15,42.1723007862,1,Capomulin
g288,20,42.9571200134,1,Capomulin
g288,25,42.368692385,1,Capomulin
g288,30,42.8744605586,1,Capomulin
g288,35,38.9541145767,1,Capomulin
g288,40,36.356851210500004,1,Capomulin
g288,45,37.0740242155,1,Capomulin
l897,0,45.0,0,Capomulin
l897,5,45.462243267299996,0,Capomulin
l897,10,46.154737213699995,0,Capomulin
l897,15,44.0615213987,0,Capomulin
l897,20,44.813093430600006,0,Capomulin
l897,25,45.3546791646,0,Capomulin
l897,30,39.3527920101,1,Capomulin
l897,35,37.682766641,1,Capomulin
l897,40,38.3439015408,1,Capomulin
l897,45,38.8468756907,1,Capomulin
w150,0,45.0,0,Capomulin
w150,5,39.2021289432,0,Capomulin
w150,10,39.9523466857,0,Capomulin
t565,0,45.0,0,Capomulin
t565,5,45.8956472045,0,Capomulin
t565,10,46.7490055228,0,Capomulin
t565,15,44.440948608599996,0,Capomulin
t565,20,39.0702137997,0,Capomulin
t565,25,37.3422097633,0,Capomulin
t565,30,32.8689161734,0,Capomulin
t565,35,33.5156706323,0,Capomulin
t565,40,33.9493413058,0,Capomulin
t565,45,34.4552979914,0,Capomulin
i557,0,45.0,0,Capomulin
i557,5,42.261665299899995,0,Capomulin
i557,10,42.9920765835,0,Capomulin
i557,15,43.5298757037,0,Capomulin
i557,20,43.9678951624,0,Capomulin
i557,25,44.59621854270001,0,Capomulin
i557,30,45.2613838113,0,Capomulin
i557,35,45.9419490139,0,Capomulin
i557,40,46.821069715600004,1,Capomulin
i557,45,47.6859630331,1,Capomulin
m957,0,45.0,0,Capomulin
m957,5,45.622381489700004,1,Capomulin
m957,10,46.4145177047,1,Capomulin
m957,15,39.8044534147,1,Capomulin
m957,20,38.9093491935,1,Capomulin
m957,25,37.695431538200005,1,Capomulin
m957,30,38.2124793925,1,Capomulin
m957,35,32.5628391419,1,Capomulin
m957,40,32.9476148417,1,Capomulin
m957,45,33.3290977815,1,Capomulin
f966,0,45.0,0,Capomulin
f966,5,38.7964737318,0,Capomulin
f966,10,35.6244026972,0,Capomulin
f966,15,32.6230025264,0,Capomulin
f966,20,30.4859848438,0,Capomulin
m601,0,45.0,0,Capomulin
m601,5,41.408591450100005,1,Capomulin
m601,10,36.825366635900004,1,Capomulin
m601,15,35.464611749,1,Capomulin
m601,20,34.2557316964,1,Capomulin
m601,25,33.1187560745,1,Capomulin
m601,30,31.758274905100002,1,Capomulin
m601,35,30.834357039,1,Capomulin
m601,40,31.378045301900002,1,Capomulin
m601,45,28.4309641063,1,Capomulin
